{
  "utter_happy": {
    "precision": 0.0,
    "recall": 0.0,
    "f1-score": 0.0,
    "support": 3
  },
  "utter_cheer_up": {
    "precision": 0.0,
    "recall": 0.0,
    "f1-score": 0.0,
    "support": 3
  },
  "utter_iamabot": {
    "precision": 0.1111111111111111,
    "recall": 1.0,
    "f1-score": 0.19999999999999998,
    "support": 1
  },
  "action_listen": {
    "precision": 0.8421052631578947,
    "recall": 1.0,
    "f1-score": 0.9142857142857143,
    "support": 16
  },
  "goodbye": {
    "precision": 0.4,
    "recall": 1.0,
    "f1-score": 0.5714285714285715,
    "support": 2
  },
  "deny": {
    "precision": 0.0,
    "recall": 0.0,
    "f1-score": 0.0,
    "support": 2
  },
  "bot_challenge": {
    "precision": 1.0,
    "recall": 1.0,
    "f1-score": 1.0,
    "support": 1
  },
  "utter_goodbye": {
    "precision": 1.0,
    "recall": 0.5,
    "f1-score": 0.6666666666666666,
    "support": 4
  },
  "affirm": {
    "precision": 0.0,
    "recall": 0.0,
    "f1-score": 0.0,
    "support": 1
  },
  "mood_great": {
    "precision": 0.0,
    "recall": 0.0,
    "f1-score": 0.0,
    "support": 2
  },
  "greet": {
    "precision": 0.5555555555555556,
    "recall": 1.0,
    "f1-score": 0.7142857142857143,
    "support": 5
  },
  "utter_did_that_help": {
    "precision": 0.0,
    "recall": 0.0,
    "f1-score": 0.0,
    "support": 3
  },
  "utter_greet": {
    "precision": 1.0,
    "recall": 1.0,
    "f1-score": 1.0,
    "support": 5
  },
  "mood_unhappy": {
    "precision": 0.0,
    "recall": 0.0,
    "f1-score": 0.0,
    "support": 3
  },
  "micro avg": {
    "precision": 0.64,
    "recall": 0.6274509803921569,
    "f1-score": 0.6336633663366336,
    "support": 51
  },
  "macro avg": {
    "precision": 0.35062656641604006,
    "recall": 0.4642857142857143,
    "f1-score": 0.3619047619047619,
    "support": 51
  },
  "weighted avg": {
    "precision": 0.532599472537553,
    "recall": 0.6274509803921569,
    "f1-score": 0.5531279178338002,
    "support": 51
  },
  "conversation_accuracy": {
    "accuracy": 0.2857142857142857,
    "correct": 2,
    "with_warnings": 0,
    "total": 7
  }
}